Model,Precision@5,NDCG@5,MAP
Lexical Model,0.23116883116883108,0.8820751536957923,0.20255411255411251
spaCy Model,0.187012987012987,0.6127529912909374,0.14151515151515145
Semantic Model,0.24415584415584413,0.9324874145642709,0.21753246753246752
